"MES";"LINHAS";"META_QTD";"VENDEDORES";"PRODUTOS"
"2026-12";"3522";"0";"1";"1"
"2026-11";"3521";"0";"1";"1"
"2026-10";"3523";"0";"1";"1"
"2026-09";"2859";"0";"1";"1"
"2026-08";"2820";"0";"1";"1"
"2026-07";"2877";"0";"1";"1"
"2026-06";"2839";"0";"1";"1"
"2026-05";"2836";"0";"1";"1"
"2026-04";"2866";"0";"1";"1"
"2026-03";"2943";"0";"1";"1"
"2026-02";"2839";"0";"1";"1"
"2026-01";"2794";"0";"1";"1"
"2025-12";"3393";"0";"1";"1"
"2025-11";"3400";"0";"1";"1"
"2025-10";"3395";"0";"1";"1"
"2025-09";"3386";"0";"1";"1"
