"BLOCO";"TABELA";"CAMPO";"USO";"STATUS"
"1 Vendas (ja usado)";"TGFCAB";"CODEMP";"cabecalho da nota / pedido";"OK"
"1 Vendas (ja usado)";"TGFCAB";"CODPARC";"cabecalho da nota / pedido";"OK"
"1 Vendas (ja usado)";"TGFCAB";"CODTIPOPER";"cabecalho da nota / pedido";"OK"
"1 Vendas (ja usado)";"TGFCAB";"CODTIPVENDA";"cabecalho da nota / pedido";"OK"
"1 Vendas (ja usado)";"TGFCAB";"CODVEND";"cabecalho da nota / pedido";"OK"
"1 Vendas (ja usado)";"TGFCAB";"DHTIPOPER";"cabecalho da nota / pedido";"OK"
"1 Vendas (ja usado)";"TGFCAB";"DTENTSAI";"cabecalho da nota / pedido";"OK"
"1 Vendas (ja usado)";"TGFCAB";"DTFATUR";"cabecalho da nota / pedido";"OK"
"1 Vendas (ja usado)";"TGFCAB";"DTMOV";"cabecalho da nota / pedido";"OK"
"1 Vendas (ja usado)";"TGFCAB";"DTNEG";"cabecalho da nota / pedido";"OK"
"1 Vendas (ja usado)";"TGFCAB";"NUMNOTA";"cabecalho da nota / pedido";"OK"
"1 Vendas (ja usado)";"TGFCAB";"NUNOTA";"cabecalho da nota / pedido";"OK"
"1 Vendas (ja usado)";"TGFCAB";"ORDEMCARGA";"cabecalho da nota / pedido";"OK"
"1 Vendas (ja usado)";"TGFCAB";"PENDENTE";"cabecalho da nota / pedido";"OK"
"1 Vendas (ja usado)";"TGFCAB";"STATUSNOTA";"cabecalho da nota / pedido";"OK"
"1 Vendas (ja usado)";"TGFCAB";"TIPMOV";"cabecalho da nota / pedido";"OK"
"1 Vendas (ja usado)";"TGFCAB";"VLRFRETE";"cabecalho da nota / pedido";"OK"
"1 Vendas (ja usado)";"TGFCAB";"VLRNOTA";"cabecalho da nota / pedido";"OK"
"1 Vendas (ja usado)";"TGFGRU";"CODGRUPAI";"grupos de produto";"OK"
"1 Vendas (ja usado)";"TGFGRU";"CODGRUPOPROD";"grupos de produto";"OK"
"1 Vendas (ja usado)";"TGFGRU";"DESCRGRUPOPROD";"grupos de produto";"OK"
"1 Vendas (ja usado)";"TGFITE";"CODPROD";"itens da nota / pedido";"OK"
"1 Vendas (ja usado)";"TGFITE";"CODVEND";"itens da nota / pedido";"OK"
"1 Vendas (ja usado)";"TGFITE";"CODVOL";"itens da nota / pedido";"OK"
"1 Vendas (ja usado)";"TGFITE";"CONTROLE";"itens da nota / pedido";"OK"
"1 Vendas (ja usado)";"TGFITE";"CUSTO";"itens da nota / pedido";"OK"
"1 Vendas (ja usado)";"TGFITE";"NUNOTA";"itens da nota / pedido";"OK"
"1 Vendas (ja usado)";"TGFITE";"PENDENTE";"itens da nota / pedido";"OK"
"1 Vendas (ja usado)";"TGFITE";"QTDENTREGUE";"itens da nota / pedido";"OK"
"1 Vendas (ja usado)";"TGFITE";"QTDNEG";"itens da nota / pedido";"OK"
"1 Vendas (ja usado)";"TGFITE";"SEQUENCIA";"itens da nota / pedido";"OK"
"1 Vendas (ja usado)";"TGFITE";"VLRDESC";"itens da nota / pedido";"OK"
"1 Vendas (ja usado)";"TGFITE";"VLRICMS";"itens da nota / pedido";"OK"
"1 Vendas (ja usado)";"TGFITE";"VLRIPI";"itens da nota / pedido";"OK"
"1 Vendas (ja usado)";"TGFITE";"VLRSUBST";"itens da nota / pedido";"OK"
"1 Vendas (ja usado)";"TGFITE";"VLRTOT";"itens da nota / pedido";"OK"
"1 Vendas (ja usado)";"TGFITE";"VLRUNIT";"itens da nota / pedido";"OK"
"1 Vendas (ja usado)";"TGFPAR";"ATIVO";"clientes / parceiros";"OK"
"1 Vendas (ja usado)";"TGFPAR";"BLOQUEAR";"clientes / parceiros";"OK"
"1 Vendas (ja usado)";"TGFPAR";"CGC_CPF";"clientes / parceiros";"OK"
"1 Vendas (ja usado)";"TGFPAR";"CLIENTE";"clientes / parceiros";"OK"
"1 Vendas (ja usado)";"TGFPAR";"CODCID";"clientes / parceiros";"OK"
"1 Vendas (ja usado)";"TGFPAR";"CODPARC";"clientes / parceiros";"OK"
"1 Vendas (ja usado)";"TGFPAR";"CODREG";"clientes / parceiros";"OK"
"1 Vendas (ja usado)";"TGFPAR";"CODVEND";"clientes / parceiros";"OK"
"1 Vendas (ja usado)";"TGFPAR";"DTCAD";"clientes / parceiros";"OK"
"1 Vendas (ja usado)";"TGFPAR";"LIMCRED";"clientes / parceiros";"OK"
"1 Vendas (ja usado)";"TGFPAR";"NOMEPARC";"clientes / parceiros";"OK"
"1 Vendas (ja usado)";"TGFPAR";"RAZAOSOCIAL";"clientes / parceiros";"OK"
"1 Vendas (ja usado)";"TGFPRO";"ATIVO";"produtos";"OK"
"1 Vendas (ja usado)";"TGFPRO";"CODGRUPOPROD";"produtos";"OK"
"1 Vendas (ja usado)";"TGFPRO";"CODPROD";"produtos";"OK"
"1 Vendas (ja usado)";"TGFPRO";"CODVOL";"produtos";"OK"
"1 Vendas (ja usado)";"TGFPRO";"DESCRPROD";"produtos";"OK"
"1 Vendas (ja usado)";"TGFPRO";"MARCA";"produtos";"OK"
"1 Vendas (ja usado)";"TGFPRO";"PESOBRUTO";"produtos";"OK"
"1 Vendas (ja usado)";"TGFPRO";"PESOLIQ";"produtos";"OK"
"1 Vendas (ja usado)";"TGFTOP";"ATUALEST";"tipos de operacao";"OK"
"1 Vendas (ja usado)";"TGFTOP";"ATUALFIN";"tipos de operacao";"OK"
"1 Vendas (ja usado)";"TGFTOP";"CODTIPOPER";"tipos de operacao";"OK"
"1 Vendas (ja usado)";"TGFTOP";"DESCROPER";"tipos de operacao";"OK"
"1 Vendas (ja usado)";"TGFTOP";"DHALTER";"tipos de operacao";"OK"
"1 Vendas (ja usado)";"TGFTOP";"TIPMOV";"tipos de operacao";"OK"
"1 Vendas (ja usado)";"TGFVEN";"APELIDO";"vendedores / supervisores / gerentes";"OK"
"1 Vendas (ja usado)";"TGFVEN";"ATIVO";"vendedores / supervisores / gerentes";"OK"
"1 Vendas (ja usado)";"TGFVEN";"CODGER";"vendedores / supervisores / gerentes";"OK"
"1 Vendas (ja usado)";"TGFVEN";"CODREG";"vendedores / supervisores / gerentes";"OK"
"1 Vendas (ja usado)";"TGFVEN";"CODVEND";"vendedores / supervisores / gerentes";"OK"
"1 Vendas (ja usado)";"TGFVEN";"TIPVEND";"vendedores / supervisores / gerentes";"OK"
"1 Vendas (ja usado)";"TSICID";"CODCID";"cidades";"OK"
"1 Vendas (ja usado)";"TSICID";"NOMECID";"cidades";"OK"
"1 Vendas (ja usado)";"TSICID";"UF";"cidades";"OK"
"1 Vendas (ja usado)";"TSIEMP";"CODEMP";"empresas";"OK"
"1 Vendas (ja usado)";"TSIEMP";"NOMEFANTASIA";"empresas";"OK"
"1 Vendas (ja usado)";"TSIREG";"CODREG";"regioes (hierarquia)";"OK"
"1 Vendas (ja usado)";"TSIREG";"CODREGPAI";"regioes (hierarquia)";"OK"
"1 Vendas (ja usado)";"TSIREG";"NOMEREG";"regioes (hierarquia)";"OK"
"1 Vendas (ja usado)";"TSIUFS";"CODUF";"estados";"OK"
"1 Vendas (ja usado)";"TSIUFS";"DESCRICAO";"estados";"OK"
"1 Vendas (ja usado)";"TSIUFS";"UF";"estados";"OK"
"2 Metas";"TGFMET";"CODGRUPOPROD";"metas (confirmar campos)";"OK"
"2 Metas";"TGFMET";"CODMETA";"metas (confirmar campos)";"OK"
"2 Metas";"TGFMET";"CODPARC";"metas (confirmar campos)";"OK"
"2 Metas";"TGFMET";"CODPROD";"metas (confirmar campos)";"OK"
"2 Metas";"TGFMET";"CODVEND";"metas (confirmar campos)";"OK"
"2 Metas";"TGFMET";"DTREF";"metas (confirmar campos)";"OK"
"2 Metas";"TGFMET";"QTDPREV";"metas (confirmar campos)";"OK"
"2 Metas";"TGFMET";"VLRPREV";"metas (confirmar campos)";"CAMPO NAO ENCONTRADO"
"3 Margem";"TGFCUS";"CODEMP";"custo do produto (confirmar campos)";"OK"
"3 Margem";"TGFCUS";"CODPROD";"custo do produto (confirmar campos)";"OK"
"3 Margem";"TGFCUS";"CUSGER";"custo do produto (confirmar campos)";"OK"
"3 Margem";"TGFCUS";"CUSMED";"custo do produto (confirmar campos)";"OK"
"3 Margem";"TGFCUS";"CUSREP";"custo do produto (confirmar campos)";"OK"
"3 Margem";"TGFCUS";"DTATUAL";"custo do produto (confirmar campos)";"OK"
"3 Margem";"TGFDIN";"BASE";"impostos por item";"OK"
"3 Margem";"TGFDIN";"CODIMP";"impostos por item";"OK"
"3 Margem";"TGFDIN";"NUNOTA";"impostos por item";"OK"
"3 Margem";"TGFDIN";"SEQUENCIA";"impostos por item";"OK"
"3 Margem";"TGFDIN";"VALOR";"impostos por item";"OK"
"4 Financeiro";"TGFFIN";"CODEMP";"titulos a receber";"OK"
"4 Financeiro";"TGFFIN";"CODPARC";"titulos a receber";"OK"
"4 Financeiro";"TGFFIN";"CODTIPTIT";"titulos a receber";"OK"
"4 Financeiro";"TGFFIN";"CODVEND";"titulos a receber";"OK"
"4 Financeiro";"TGFFIN";"DHBAIXA";"titulos a receber";"OK"
"4 Financeiro";"TGFFIN";"DTNEG";"titulos a receber";"OK"
"4 Financeiro";"TGFFIN";"DTVENC";"titulos a receber";"OK"
"4 Financeiro";"TGFFIN";"NUFIN";"titulos a receber";"OK"
"4 Financeiro";"TGFFIN";"NUNOTA";"titulos a receber";"OK"
"4 Financeiro";"TGFFIN";"PROVISAO";"titulos a receber";"OK"
"4 Financeiro";"TGFFIN";"RECDESP";"titulos a receber";"OK"
"4 Financeiro";"TGFFIN";"VLRBAIXA";"titulos a receber";"OK"
"4 Financeiro";"TGFFIN";"VLRDESDOB";"titulos a receber";"OK"
"4 Financeiro";"TGFTPV";"CODTIPVENDA";"condicao de pagamento";"OK"
"4 Financeiro";"TGFTPV";"DESCRTIPVENDA";"condicao de pagamento";"OK"
"4 Financeiro";"TGFTPV";"DHALTER";"condicao de pagamento";"OK"
"5 Estoque";"TGFEST";"CODEMP";"estoque, lote e validade";"OK"
"5 Estoque";"TGFEST";"CODLOCAL";"estoque, lote e validade";"OK"
"5 Estoque";"TGFEST";"CODPROD";"estoque, lote e validade";"OK"
"5 Estoque";"TGFEST";"CONTROLE";"estoque, lote e validade";"OK"
"5 Estoque";"TGFEST";"DTVAL";"estoque, lote e validade";"OK"
"5 Estoque";"TGFEST";"ESTOQUE";"estoque, lote e validade";"OK"
"5 Estoque";"TGFEST";"RESERVADO";"estoque, lote e validade";"OK"
"6 Pedidos e atendimento";"TGFORD";"CODEMP";"ordens de carga / rotas";"OK"
"6 Pedidos e atendimento";"TGFORD";"CODVEICULO";"ordens de carga / rotas";"OK"
"6 Pedidos e atendimento";"TGFORD";"DTINIC";"ordens de carga / rotas";"OK"
"6 Pedidos e atendimento";"TGFORD";"ORDEMCARGA";"ordens de carga / rotas";"OK"
"6 Pedidos e atendimento";"TGFVAR";"NUNOTA";"vinculo pedido -> nota (cortes)";"OK"
"6 Pedidos e atendimento";"TGFVAR";"NUNOTAORIG";"vinculo pedido -> nota (cortes)";"OK"
"6 Pedidos e atendimento";"TGFVAR";"QTDATENDIDA";"vinculo pedido -> nota (cortes)";"OK"
"6 Pedidos e atendimento";"TGFVAR";"SEQUENCIA";"vinculo pedido -> nota (cortes)";"OK"
"6 Pedidos e atendimento";"TGFVAR";"SEQUENCIAORIG";"vinculo pedido -> nota (cortes)";"OK"
"7 Preco";"TGFEXC";"CODPROD";"preco por produto na tabela";"OK"
"7 Preco";"TGFEXC";"NUTAB";"preco por produto na tabela";"OK"
"7 Preco";"TGFEXC";"VLRVENDA";"preco por produto na tabela";"OK"
"7 Preco";"TGFTAB";"CODTAB";"tabelas de preco";"OK"
"7 Preco";"TGFTAB";"DTVIGOR";"tabelas de preco";"OK"
"7 Preco";"TGFTAB";"NUTAB";"tabelas de preco";"OK"
"8 Dicionario";"TDDCAM";"DESCRCAMPO";"dicionario de campos (acha os AD_)";"OK"
"8 Dicionario";"TDDCAM";"NOMECAMPO";"dicionario de campos (acha os AD_)";"OK"
"8 Dicionario";"TDDCAM";"NOMETAB";"dicionario de campos (acha os AD_)";"OK"
"8 Dicionario";"TDDCAM";"TIPCAMPO";"dicionario de campos (acha os AD_)";"OK"
"8 Dicionario";"TDDTAB";"DESCRTAB";"dicionario de tabelas do Sankhya";"OK"
"8 Dicionario";"TDDTAB";"NOMETAB";"dicionario de tabelas do Sankhya";"OK"
